method,task_id,n_rows,n_valid,n_unique_valid,is_success,success_occurrences,success_unique,hv,diversity_success_unique
MoDeMol,0,125,125,125,True,1,1,0.1525686146452194,0.0
MoDeMol,1,125,125,125,True,1,1,0.1576391971609673,0.0
MoDeMol,2,125,125,125,True,11,11,0.3427108219317122,0.7306525336320204
MoDeMol,3,125,125,125,True,3,3,0.1881140294850089,0.7626275416766957
MoDeMol,4,125,125,125,True,19,19,0.3694977044622878,0.7553009822170542
MoDeMol,5,125,125,125,True,21,21,0.2455787728221506,0.6287029810284521
MoDeMol,6,125,125,125,True,23,23,0.4375868982113531,0.6184824122421013
MoDeMol,7,125,125,125,True,7,7,0.297351297048006,0.7259383699322318
MoDeMol,8,125,125,125,True,2,2,0.1932550192850396,0.8311688311688312
MoDeMol,9,125,125,125,True,7,7,0.2343166295782036,0.7088809519606352
MoDeMol,10,125,125,125,True,11,11,0.3343799337238428,0.5319180105539639
MoDeMol,11,125,125,125,False,0,0,0.1454181242542821,0.0
MoDeMol,12,125,125,125,True,1,1,0.2122766605470554,0.0
MoDeMol,13,125,125,125,True,9,9,0.2707556691797974,0.6059887983765682
MoDeMol,14,125,125,125,True,7,7,0.295109235300682,0.7150377977024144
MoDeMol,15,125,125,125,True,7,7,0.2615302607253721,0.6741019014646978
MoDeMol,16,125,125,125,True,5,5,0.2487854956210216,0.7360692474196779
MoDeMol,17,125,125,125,True,8,8,0.2238779682583059,0.6244661713150705
MoDeMol,18,125,125,125,True,8,8,0.2858585025781292,0.6548687548021705
MoDeMol,19,125,125,125,True,4,4,0.2222649089068558,0.7669578535134486
MoDeMol,20,125,125,125,True,4,4,0.2137450591764373,0.6265870879460271
MoDeMol,21,125,125,125,False,0,0,0.2609472782431428,0.0
MoDeMol,22,125,125,125,True,3,3,0.2376551345633987,0.7541484376519084
MoDeMol,23,125,125,125,True,13,13,0.3218633051365974,0.7102363549258462
MoDeMol,24,125,125,125,True,31,31,0.5678164547417283,0.6659004801780557
MoDeMol,25,125,125,125,True,4,4,0.2151478228964334,0.6478932895568426
MoDeMol,26,125,125,125,True,1,1,0.1859253731881483,0.0
MoDeMol,27,125,125,125,True,6,6,0.2040671585805377,0.6591162859304671
MoDeMol,28,125,125,125,True,13,13,0.2392865276645585,0.6481863821172091
MoDeMol,29,125,125,125,True,3,3,0.1836205498737875,0.7573048570239581
MoDeMol,30,125,125,125,True,25,25,0.4964036743215421,0.6605555311893614
MoDeMol,31,125,125,125,True,4,4,0.3266668949424555,0.6213617909788696
MoDeMol,32,125,125,125,True,19,19,0.3373073310451424,0.7033431735779253
MoDeMol,33,125,125,125,True,1,1,0.1965965227148245,0.0
MoDeMol,34,125,125,125,True,27,27,0.6316248306374861,0.6314605686624417
MoDeMol,35,125,125,125,True,3,3,0.2075330013270011,0.5308167655140688
MoDeMol,36,125,125,125,True,2,2,0.3002957516348234,0.8481012658227848
MoDeMol,37,125,125,125,True,3,3,0.1946711591736925,0.7018217932125395
MoDeMol,38,125,125,125,True,7,7,0.2191882762546441,0.5885125119493338
MoDeMol,39,125,125,125,True,2,2,0.2023161359029626,0.618421052631579
MoDeMol,40,125,125,125,True,12,12,0.2312321475958443,0.6016949402648686
MoDeMol,41,125,125,125,True,2,2,0.2036079317284611,0.5909090909090908
MoDeMol,42,125,125,125,True,9,9,0.2668892691758579,0.6994434314726332
MoDeMol,43,125,125,125,True,5,5,0.2899740012534917,0.5844842000927659
MoDeMol,44,125,125,125,True,3,3,0.2571464100085196,0.7190382081686431
MoDeMol,45,125,125,125,True,1,1,0.1686190206646332,0.0
MoDeMol,46,125,125,125,False,0,0,0.1782789229662465,0.0
MoDeMol,47,125,125,125,True,1,1,0.1815067412490885,0.0
MoDeMol,48,125,125,125,True,4,4,0.2758151053605906,0.760107025421427
MoDeMol,49,125,125,125,True,15,15,0.3005905559152089,0.6935284235874384
MoDeMol,50,125,125,125,False,0,0,0.1248721542758929,0.0
MoDeMol,51,125,125,125,True,11,11,0.3347105886559859,0.7244977524610215
MoDeMol,52,125,125,125,True,1,1,0.1992050901827143,0.0
MoDeMol,53,125,125,125,True,26,26,0.3173573692530993,0.6883292508932877
MoDeMol,54,125,125,125,True,7,7,0.2492018407642668,0.6472489846558116
MoDeMol,55,125,125,125,True,9,9,0.2350075800962917,0.7299626479733177
MoDeMol,56,125,125,125,True,2,2,0.2338706274108776,0.6086956521739131
MoDeMol,57,125,125,125,True,9,9,0.3048746858124311,0.7117461521014878
MoDeMol,58,125,125,125,False,0,0,0.1742108319716916,0.0
MoDeMol,59,125,125,125,False,0,0,0.1627307737363505,0.0
MoDeMol,60,125,125,125,True,8,8,0.2373868341647433,0.6947107559657179
MoDeMol,61,125,125,125,True,17,17,0.4063702219279392,0.656001890654057
MoDeMol,62,125,124,124,True,7,7,0.3697194224761634,0.7031685995463085
MoDeMol,63,125,125,125,True,7,7,0.2676387538413143,0.7077569544388953
MoDeMol,64,125,125,125,True,10,10,0.3124176367669685,0.5758684791083201
MoDeMol,65,125,125,125,False,0,0,0.1451520965557995,0.0
MoDeMol,66,125,125,125,True,2,2,0.2074763284767562,0.7073170731707317
MoDeMol,67,125,125,125,True,6,6,0.2520164805046461,0.6023321747653598
MoDeMol,68,125,125,125,True,3,3,0.246990835209814,0.6551467433820375
MoDeMol,69,125,125,125,True,27,27,0.3727924792424132,0.6530130580215908
MoDeMol,70,125,125,125,True,3,3,0.221211470258906,0.6223637943976927
MoDeMol,71,125,125,125,True,2,2,0.2135046510214469,0.7837837837837838
MoDeMol,72,125,125,125,True,5,5,0.2137633647029202,0.7237200967962174
MoDeMol,73,125,125,125,True,10,10,0.2443196272650908,0.6520929114105776
MoDeMol,74,125,125,125,True,2,2,0.2340648107671726,0.7777777777777778
MoDeMol,75,125,125,125,True,22,22,0.3347200117214564,0.618274342150088
MoDeMol,76,125,125,125,True,28,28,0.4880014104699453,0.6470323360342052
MoDeMol,77,125,125,125,False,0,0,0.1622086430983374,0.0
MoDeMol,78,125,125,125,False,0,0,0.1915470043424101,0.0
MoDeMol,79,125,125,125,False,0,0,0.1346543693635329,0.0
MoDeMol,80,125,125,125,True,11,11,0.2293245749747003,0.4701107651056344
MoDeMol,81,125,125,125,True,1,1,0.2295228814808882,0.0
MoDeMol,82,125,125,125,True,7,7,0.3510125592262215,0.7491439383926147
MoDeMol,83,125,125,125,True,8,8,0.2218979132535797,0.5325348451674802
MoDeMol,84,125,125,125,True,1,1,0.2060550450210861,0.0
MoDeMol,85,125,125,125,True,1,1,0.1920898040554808,0.0
MoDeMol,86,125,125,125,True,1,1,0.2064093656852645,0.0
MoDeMol,87,125,125,125,True,8,8,0.2746904155509052,0.5778600286671793
MoDeMol,88,125,125,125,False,0,0,0.1807640318889395,0.0
MoDeMol,89,125,125,125,True,29,29,0.5857813421836724,0.6702088385771097
MoDeMol,90,125,125,125,True,4,4,0.242394560470086,0.7349204805719729
MoDeMol,91,125,125,125,True,4,4,0.2450334617504087,0.7028213220837414
MoDeMol,92,125,125,125,True,2,2,0.2161958367711874,0.8205128205128205
MoDeMol,93,125,125,125,False,0,0,0.154722533923622,0.0
MoDeMol,94,125,125,125,True,15,15,0.2944252050454813,0.6878038318362163
MoDeMol,95,125,125,125,True,6,6,0.2267818641940502,0.7380518878836656
MoDeMol,96,125,125,125,True,8,8,0.2450544564371389,0.5499772773299213
MoDeMol,97,125,125,125,True,13,13,0.3013082134835315,0.6620253424620055
MoDeMol,98,125,125,125,True,6,6,0.2865243549044142,0.5267640080406444
MoDeMol,99,125,125,125,True,28,28,0.3155945687333414,0.6065848402154359
